ID,AGE,AGE GROUP,GENDER, INCOME ,SPENDING SCORE,MEMBERSHIP YEARS,PURCHASE FREQUENCY,PREFERRED CATEGORY, LAST PURCHASE AMOUNT 
1,38,35-45,Female," £99,342.00 ",90,3,24,Groceries, £113.53 
2,21,18-25,Female," £78,852.00 ",60,2,42,Sports, £41.93 
3,60,55-65,Female," £126,573.00 ",30,2,28,Clothing, £424.36 
4,40,35-45,Other," £47,099.00 ",74,9,5,Home & Garden, £991.93 
5,65,55-65,Female," £140,621.00 ",21,3,25,Electronics, £347.08 
6,31,25-35,Other," £57,305.00 ",24,3,30,Home & Garden, £86.85 
7,19,18-25,Other," £54,319.00 ",68,5,43,Clothing, £191.72 
8,43,35-45,Male," £108,115.00 ",94,9,27,Groceries, £734.56 
9,53,46-55,Male," £34,424.00 ",29,6,7,Sports, £951.71 
10,55,46-55,Female," £45,839.00 ",55,7,2,Electronics, £821.18 
11,23,18-25,Other," £69,659.00 ",16,7,24,Clothing, £434.97 
12,68,65+,Other," £30,058.00 ",91,1,49,Groceries, £889.94 
13,29,25-35,Female," £87,461.00 ",81,3,27,Home & Garden, £101.07 
14,64,55-65,Other," £33,018.00 ",46,4,3,Sports, £221.35 
15,33,25-35,Male," £112,260.00 ",17,5,8,Home & Garden, £915.89 
16,53,46-55,Male," £129,284.00 ",17,6,26,Clothing, £225.40 
17,57,55-65,Male," £102,535.00 ",29,5,13,Clothing, £378.47 
18,22,18-25,Male," £41,849.00 ",22,1,31,Sports, £844.08 
19,37,35-45,Male," £95,491.00 ",90,6,21,Home & Garden, £454.83 
20,31,25-35,Male," £97,103.00 ",70,3,17,Groceries, £61.30 
21,19,18-25,Female," £82,519.00 ",13,4,4,Home & Garden, £742.39 
22,22,18-25,Male," £49,077.00 ",74,10,47,Home & Garden, £799.31 
23,36,35-45,Other," £85,473.00 ",68,1,16,Sports, £806.55 
24,41,35-45,Other," £81,758.00 ",87,7,9,Clothing, £482.20 
25,69,65+,Female," £36,140.00 ",78,5,39,Sports, £508.86 
26,33,25-35,Other," £141,757.00 ",60,10,39,Groceries, £83.27 
27,54,46-55,Male," £35,394.00 ",10,9,4,Groceries, £124.29 
28,30,25-35,Female," £50,680.00 ",19,7,27,Sports, £515.88 
29,18,Under 18,Female," £70,721.00 ",78,7,1,Home & Garden, £191.90 
30,23,18-25,Male," £104,106.00 ",30,4,20,Electronics, £950.56 
31,36,35-45,Other," £76,756.00 ",16,8,27,Clothing, £970.06 
32,60,55-65,Female," £45,733.00 ",69,2,18,Electronics, £197.29 
33,29,25-35,Male," £71,951.00 ",2,6,47,Electronics, £91.94 
34,44,35-45,Other," £86,593.00 ",89,4,37,Groceries, £76.95 
35,45,35-45,Other," £43,138.00 ",54,10,48,Sports, £639.22 
36,30,25-35,Female," £73,464.00 ",37,1,6,Clothing, £532.51 
37,47,46-55,Male," £108,074.00 ",78,4,38,Electronics, £128.20 
38,48,46-55,Other," £81,794.00 ",89,7,50,Electronics, £967.99 
39,31,25-35,Female," £75,392.00 ",43,4,29,Sports, £88.44 
40,22,18-25,Male," £107,057.00 ",14,5,41,Home & Garden, £98.86 
41,23,18-25,Male," £70,723.00 ",31,1,48,Home & Garden, £713.33 
42,52,46-55,Male," £115,529.00 ",70,2,34,Clothing, £192.66 
43,35,25-35,Male," £72,179.00 ",6,6,45,Home & Garden, £165.18 
44,28,25-35,Other," £62,405.00 ",79,5,50,Home & Garden, £956.73 
45,50,46-55,Male," £42,404.00 ",45,4,31,Home & Garden, £753.60 
46,49,46-55,Other," £94,531.00 ",28,5,42,Clothing, £214.93 
47,56,55-65,Male," £129,005.00 ",40,6,8,Electronics, £355.34 
48,48,46-55,Male," £76,317.00 ",94,9,3,Electronics, £189.28 
49,19,18-25,Other," £85,309.00 ",65,5,10,Sports, £28.55 
50,68,65+,Female," £146,519.00 ",96,2,18,Groceries, £673.79 
51,61,55-65,Female," £61,290.00 ",83,9,35,Clothing, £110.32 
52,24,18-25,Female," £96,082.00 ",83,4,36,Sports, £589.35 
53,45,35-45,Other," £134,241.00 ",73,9,16,Groceries, £893.44 
54,33,25-35,Female," £45,136.00 ",84,9,38,Home & Garden, £332.34 
55,56,55-65,Female," £85,476.00 ",55,2,41,Sports, £774.50 
56,42,35-45,Other," £73,466.00 ",50,4,13,Sports, £903.07 
57,63,55-65,Other," £49,607.00 ",7,9,20,Electronics, £195.34 
58,49,46-55,Female," £112,198.00 ",48,5,24,Sports, £843.87 
59,43,35-45,Female," £81,595.00 ",12,7,1,Electronics, £806.26 
60,21,18-25,Female," £139,387.00 ",1,5,7,Clothing, £399.58 
61,23,18-25,Male," £69,133.00 ",14,6,7,Groceries, £224.86 
62,30,25-35,Other," £89,149.00 ",87,10,36,Clothing, £174.41 
63,49,46-55,Female," £79,992.00 ",49,8,6,Sports, £636.65 
64,50,46-55,Female," £85,111.00 ",31,1,19,Electronics, £319.05 
65,27,25-35,Other," £90,557.00 ",36,2,2,Sports, £494.55 
66,32,25-35,Male," £100,270.00 ",69,3,29,Home & Garden, £686.05 
67,36,35-45,Female," £127,346.00 ",75,5,7,Electronics, £335.98 
68,43,35-45,Female," £87,807.00 ",52,9,41,Clothing, £95.08 
69,32,25-35,Male," £135,861.00 ",88,5,16,Electronics, £103.33 
70,49,46-55,Other," £40,936.00 ",32,9,49,Sports, £495.62 
71,23,18-25,Female," £66,376.00 ",60,1,18,Electronics, £77.73 
72,58,55-65,Other," £56,120.00 ",30,3,50,Groceries, £880.23 
73,31,25-35,Female," £112,452.00 ",21,1,5,Groceries, £552.21 
74,38,35-45,Female," £102,944.00 ",63,8,9,Home & Garden, £92.69 
75,58,55-65,Other," £143,037.00 ",56,8,42,Groceries, £57.57 
76,60,55-65,Female," £131,101.00 ",68,8,28,Home & Garden, £522.95 
77,49,46-55,Male," £30,708.00 ",4,1,36,Groceries, £990.00 
78,32,25-35,Other," £44,048.00 ",20,7,10,Clothing, £41.55 
79,30,25-35,Other," £95,501.00 ",27,3,14,Groceries, £476.25 
80,68,65+,Other," £45,092.00 ",54,4,40,Electronics, £738.60 
81,65,55-65,Other," £117,157.00 ",90,9,39,Electronics, £812.36 
82,36,35-45,Female," £148,542.00 ",60,1,17,Groceries, £15.66 
83,36,35-45,Female," £99,427.00 ",94,8,15,Sports, £265.04 
84,56,55-65,Male," £58,971.00 ",77,9,35,Electronics, £13.16 
85,19,18-25,Male," £101,100.00 ",43,3,14,Clothing, £392.36 
86,31,25-35,Other," £61,849.00 ",24,6,31,Home & Garden, £120.80 
87,59,55-65,Male," £47,990.00 ",3,10,48,Home & Garden, £755.92 
88,31,25-35,Male," £55,100.00 ",20,7,31,Sports, £59.84 
89,18,Under 18,Other," £105,470.00 ",8,7,4,Clothing, £746.18 
90,45,35-45,Other," £63,381.00 ",80,4,8,Home & Garden, £754.24 
91,32,25-35,Other," £92,089.00 ",16,1,47,Home & Garden, £209.86 
92,39,35-45,Other," £104,031.00 ",67,6,28,Home & Garden, £930.36 
93,65,55-65,Male," £62,792.00 ",83,8,11,Electronics, £230.58 
94,46,46-55,Other," £113,116.00 ",7,10,13,Clothing, £190.55 
95,30,25-35,Other," £75,926.00 ",97,10,19,Sports, £670.87 
96,23,18-25,Male," £108,480.00 ",46,10,21,Clothing, £377.31 
97,63,55-65,Other," £102,834.00 ",31,7,20,Electronics, £582.57 
98,49,46-55,Male," £46,695.00 ",99,9,26,Clothing, £674.70 
99,21,18-25,Other," £105,024.00 ",45,3,32,Sports, £795.84 
100,26,25-35,Female," £59,496.00 ",58,2,50,Clothing, £23.33 
101,40,35-45,Female," £115,569.00 ",1,2,5,Groceries, £241.91 
102,18,Under 18,Male," £49,346.00 ",70,7,38,Groceries, £127.14 
103,19,18-25,Male," £75,430.00 ",50,7,32,Clothing, £532.51 
104,60,55-65,Female," £142,407.00 ",4,2,1,Sports, £29.58 
105,20,18-25,Other," £34,982.00 ",7,2,45,Clothing, £597.15 
106,55,46-55,Female," £147,187.00 ",37,7,27,Electronics, £941.67 
107,19,18-25,Other," £37,993.00 ",59,6,30,Sports, £873.80 
108,65,55-65,Male," £81,753.00 ",72,9,21,Home & Garden, £633.63 
109,57,55-65,Female," £81,695.00 ",90,8,44,Electronics, £179.80 
110,56,55-65,Female," £40,676.00 ",86,7,38,Home & Garden, £627.65 
111,37,35-45,Male," £111,242.00 ",33,5,34,Sports, £756.32 
112,64,55-65,Male," £87,006.00 ",85,7,20,Clothing, £930.73 
113,58,55-65,Male," £82,856.00 ",33,7,20,Groceries, £450.72 
114,32,25-35,Male," £35,514.00 ",4,5,36,Sports, £415.44 
115,64,55-65,Male," £87,595.00 ",11,5,21,Electronics, £69.78 
116,59,55-65,Male," £125,014.00 ",89,7,42,Home & Garden, £451.82 
117,62,55-65,Male," £128,322.00 ",44,4,31,Electronics, £668.91 
118,62,55-65,Male," £48,693.00 ",36,9,44,Home & Garden, £755.67 
119,33,25-35,Male," £113,154.00 ",75,8,46,Groceries, £895.58 
120,68,65+,Female," £78,309.00 ",12,2,49,Clothing, £848.14 
121,47,46-55,Female," £112,072.00 ",50,5,21,Groceries, £884.19 
122,43,35-45,Male," £42,855.00 ",66,6,23,Electronics, £138.51 
123,26,25-35,Other," £55,515.00 ",29,9,37,Sports, £50.57 
124,30,25-35,Male," £51,454.00 ",94,8,17,Home & Garden, £553.35 
125,66,65+,Other," £69,362.00 ",58,1,23,Clothing, £960.08 
126,26,25-35,Female," £69,795.00 ",60,9,29,Electronics, £389.37 
127,58,55-65,Male," £32,860.00 ",90,5,18,Sports, £405.05 
128,40,35-45,Other," £81,037.00 ",70,10,45,Electronics, £370.75 
129,67,65+,Other," £40,385.00 ",64,1,17,Sports, £957.06 
130,61,55-65,Female," £131,607.00 ",25,7,26,Clothing, £714.15 
131,51,46-55,Male," £42,337.00 ",70,9,28,Sports, £914.97 
132,67,65+,Female," £116,124.00 ",78,10,28,Home & Garden, £11.29 
133,25,18-25,Other," £94,016.00 ",85,8,49,Groceries, £764.28 
134,26,25-35,Male," £62,131.00 ",91,6,18,Sports, £70.56 
135,29,25-35,Female," £100,290.00 ",85,8,29,Clothing, £480.87 
136,31,25-35,Male," £145,261.00 ",25,10,37,Sports, £378.40 
137,48,46-55,Male," £81,763.00 ",49,6,46,Sports, £179.25 
138,67,65+,Female," £120,561.00 ",66,2,21,Clothing, £798.20 
139,18,Under 18,Female," £99,638.00 ",33,8,23,Groceries, £316.27 
140,18,Under 18,Female," £78,097.00 ",84,3,26,Clothing, £453.34 
141,23,18-25,Other," £67,237.00 ",85,9,40,Electronics, £673.02 
142,37,35-45,Male," £61,695.00 ",13,5,45,Home & Garden, £18.49 
143,55,46-55,Other," £101,084.00 ",73,9,24,Groceries, £624.81 
144,41,35-45,Female," £82,613.00 ",49,3,10,Home & Garden, £421.24 
145,44,35-45,Other," £122,987.00 ",29,10,25,Electronics, £898.68 
146,58,55-65,Other," £90,389.00 ",17,5,12,Electronics, £855.21 
147,69,65+,Male," £90,929.00 ",2,10,29,Electronics, £518.70 
148,47,46-55,Female," £104,517.00 ",91,2,6,Home & Garden, £979.41 
149,34,25-35,Other," £79,949.00 ",89,3,19,Groceries, £273.34 
150,54,46-55,Male," £100,745.00 ",29,6,42,Clothing, £335.15 
151,55,46-55,Other," £138,064.00 ",86,5,22,Electronics, £368.75 
152,45,35-45,Female," £79,721.00 ",20,1,1,Home & Garden, £215.41 
153,43,35-45,Male," £33,030.00 ",61,8,40,Groceries, £711.04 
154,30,25-35,Other," £78,653.00 ",43,4,2,Electronics, £933.73 
155,53,46-55,Other," £146,312.00 ",58,2,32,Electronics, £880.78 
156,24,18-25,Female," £103,766.00 ",77,4,25,Home & Garden, £663.21 
157,69,65+,Female," £51,990.00 ",59,2,37,Clothing, £762.41 
158,61,55-65,Other," £46,738.00 ",36,3,26,Groceries, £393.60 
159,58,55-65,Other," £107,818.00 ",70,5,24,Home & Garden, £722.18 
160,36,35-45,Other," £83,511.00 ",28,5,49,Home & Garden, £367.97 
161,69,65+,Female," £117,782.00 ",18,1,15,Sports, £762.55 
162,64,55-65,Other," £122,472.00 ",75,1,17,Sports, £771.33 
163,45,35-45,Male," £76,259.00 ",72,5,41,Sports, £228.88 
164,60,55-65,Other," £98,771.00 ",37,8,42,Sports, £520.37 
165,64,55-65,Other," £96,494.00 ",10,4,47,Home & Garden, £184.45 
166,41,35-45,Female," £48,155.00 ",19,10,36,Groceries, £566.65 
167,18,Under 18,Other," £46,707.00 ",61,10,16,Clothing, £18.60 
168,36,35-45,Other," £87,275.00 ",82,9,2,Clothing, £14.52 
169,51,46-55,Female," £58,930.00 ",95,5,33,Sports, £115.09 
170,37,35-45,Male," £33,987.00 ",60,8,39,Groceries, £975.10 
171,21,18-25,Male," £140,801.00 ",13,3,43,Home & Garden, £82.88 
172,19,18-25,Male," £98,446.00 ",25,4,34,Groceries, £696.59 
173,56,55-65,Female," £111,754.00 ",96,8,38,Home & Garden, £631.06 
174,47,46-55,Other," £66,932.00 ",89,5,9,Home & Garden, £861.66 
175,33,25-35,Female," £81,766.00 ",86,1,16,Sports, £160.11 
176,34,25-35,Male," £79,572.00 ",62,2,24,Sports, £843.15 
177,65,55-65,Other," £123,680.00 ",30,2,35,Electronics, £218.74 
178,67,65+,Female," £130,300.00 ",75,5,27,Electronics, £94.32 
179,45,35-45,Female," £102,050.00 ",57,8,39,Groceries, £263.93 
180,48,46-55,Male," £121,325.00 ",30,3,35,Home & Garden, £624.36 
181,49,46-55,Male," £76,202.00 ",83,3,6,Groceries, £208.79 
182,40,35-45,Male," £136,323.00 ",36,6,25,Electronics, £625.28 
183,43,35-45,Female," £32,512.00 ",95,4,49,Home & Garden, £223.39 
184,27,25-35,Male," £63,313.00 ",8,10,42,Groceries, £35.01 
185,41,35-45,Female," £104,337.00 ",91,6,27,Home & Garden, £401.63 
186,40,35-45,Other," £124,138.00 ",84,10,41,Groceries, £426.62 
187,35,25-35,Male," £137,307.00 ",32,6,24,Electronics, £111.27 
188,55,46-55,Male," £77,060.00 ",14,2,16,Sports, £286.79 
189,45,35-45,Male," £108,335.00 ",62,1,35,Electronics, £940.93 
190,41,35-45,Other," £59,408.00 ",68,1,16,Electronics, £504.16 
191,35,25-35,Male," £100,208.00 ",80,2,27,Electronics, £23.73 
192,63,55-65,Other," £109,506.00 ",48,10,50,Electronics, £26.85 
193,69,65+,Female," £39,509.00 ",10,6,27,Groceries, £377.66 
194,69,65+,Male," £74,519.00 ",95,10,42,Clothing, £931.51 
195,67,65+,Other," £31,806.00 ",79,8,13,Electronics, £261.07 
196,48,46-55,Male," £108,550.00 ",5,6,35,Home & Garden, £410.05 
197,34,25-35,Female," £56,125.00 ",66,10,26,Home & Garden, £610.66 
198,39,35-45,Male," £116,566.00 ",76,9,21,Groceries, £32.38 
199,45,35-45,Female," £82,014.00 ",30,10,15,Groceries, £81.91 
200,63,55-65,Female," £113,240.00 ",47,9,22,Clothing, £279.96 
201,45,35-45,Male," £111,788.00 ",28,9,49,Groceries, £628.43 
202,25,18-25,Male," £30,570.00 ",16,8,44,Sports, £971.09 
203,66,65+,Other," £106,631.00 ",41,6,9,Home & Garden, £354.46 
204,49,46-55,Male," £100,258.00 ",53,6,27,Home & Garden, £436.43 
205,27,25-35,Male," £132,541.00 ",78,8,42,Electronics, £825.01 
206,34,25-35,Male," £97,962.00 ",18,3,19,Electronics, £947.73 
207,58,55-65,Male," £48,714.00 ",75,10,40,Sports, £324.91 
208,59,55-65,Female," £70,050.00 ",62,3,10,Clothing, £49.53 
209,60,55-65,Female," £124,416.00 ",24,5,39,Home & Garden, £544.04 
210,47,46-55,Other," £93,783.00 ",24,10,3,Electronics, £406.56 
211,40,35-45,Female," £83,445.00 ",89,7,11,Clothing, £356.35 
212,18,Under 18,Other," £54,421.00 ",20,1,41,Home & Garden, £215.95 
213,47,46-55,Female," £121,498.00 ",29,9,28,Sports, £706.37 
214,33,25-35,Male," £84,883.00 ",43,2,49,Home & Garden, £956.03 
215,69,65+,Other," £127,086.00 ",93,4,45,Electronics, £339.90 
216,26,25-35,Other," £133,538.00 ",27,5,46,Electronics, £761.08 
217,46,46-55,Female," £82,034.00 ",19,2,45,Sports, £635.93 
218,55,46-55,Female," £147,024.00 ",24,9,16,Electronics, £169.79 
219,57,55-65,Male," £33,009.00 ",82,9,24,Clothing, £563.64 
220,69,65+,Male," £142,216.00 ",90,7,29,Electronics, £559.73 
221,62,55-65,Male," £82,623.00 ",51,8,37,Clothing, £155.14 
222,67,65+,Other," £64,134.00 ",3,2,26,Clothing, £868.18 
223,53,46-55,Female," £146,546.00 ",12,6,45,Sports, £915.02 
224,51,46-55,Female," £33,665.00 ",12,2,2,Groceries, £139.07 
225,54,46-55,Female," £92,156.00 ",18,7,14,Electronics, £238.87 
226,19,18-25,Female," £51,355.00 ",48,8,28,Home & Garden, £278.21 
227,65,55-65,Male," £89,274.00 ",71,10,34,Electronics, £840.45 
228,53,46-55,Male," £57,651.00 ",27,7,16,Home & Garden, £345.62 
229,19,18-25,Other," £52,470.00 ",90,5,35,Groceries, £515.99 
230,56,55-65,Male," £31,154.00 ",40,4,25,Electronics, £197.54 
231,24,18-25,Female," £147,572.00 ",44,7,45,Electronics, £204.27 
232,66,65+,Male," £144,573.00 ",41,7,24,Groceries, £66.60 
233,41,35-45,Female," £88,312.00 ",22,6,31,Groceries, £212.53 
234,29,25-35,Female," £96,066.00 ",45,7,24,Sports, £479.36 
235,19,18-25,Female," £41,542.00 ",21,1,22,Groceries, £132.88 
236,42,35-45,Other," £66,495.00 ",79,9,31,Sports, £537.66 
237,62,55-65,Other," £52,480.00 ",22,3,14,Electronics, £821.42 
238,64,55-65,Other," £148,368.00 ",19,4,23,Groceries, £949.32 
239,64,55-65,Female," £124,599.00 ",41,9,41,Groceries, £924.18 
240,44,35-45,Female," £121,975.00 ",33,6,27,Groceries, £640.96 
241,41,35-45,Female," £41,748.00 ",50,8,5,Sports, £35.16 
242,31,25-35,Female," £125,501.00 ",74,3,18,Electronics, £947.76 
243,25,18-25,Other," £109,583.00 ",6,4,30,Electronics, £923.64 
244,47,46-55,Female," £108,356.00 ",84,6,19,Home & Garden, £911.00 
245,28,25-35,Other," £134,414.00 ",19,5,15,Home & Garden, £922.01 
246,44,35-45,Male," £83,880.00 ",31,6,32,Electronics, £464.42 
247,54,46-55,Other," £48,896.00 ",28,9,25,Sports, £244.79 
248,28,25-35,Other," £48,383.00 ",57,8,35,Sports, £17.97 
249,54,46-55,Female," £134,743.00 ",98,9,42,Sports, £894.21 
250,47,46-55,Male," £91,491.00 ",52,5,10,Home & Garden, £21.43 
251,43,35-45,Male," £89,688.00 ",27,10,30,Electronics, £223.64 
252,25,18-25,Other," £105,185.00 ",70,2,37,Groceries, £556.23 
253,49,46-55,Other," £129,014.00 ",25,7,21,Groceries, £271.52 
254,66,65+,Other," £112,847.00 ",98,9,44,Home & Garden, £827.44 
255,27,25-35,Other," £139,589.00 ",69,8,22,Clothing, £150.58 
256,46,46-55,Other," £38,785.00 ",55,9,22,Clothing, £486.25 
257,26,25-35,Male," £134,203.00 ",19,3,28,Sports, £935.64 
258,37,35-45,Other," £86,856.00 ",74,3,10,Electronics, £624.29 
259,68,65+,Male," £49,725.00 ",59,2,35,Groceries, £12.36 
260,39,35-45,Female," £56,381.00 ",82,6,19,Sports, £759.60 
261,39,35-45,Other," £117,432.00 ",96,7,41,Sports, £25.44 
262,60,55-65,Other," £45,827.00 ",18,2,47,Electronics, £599.66 
263,64,55-65,Other," £115,366.00 ",68,9,28,Electronics, £934.88 
264,57,55-65,Female," £31,451.00 ",75,3,8,Electronics, £611.79 
265,63,55-65,Male," £142,287.00 ",77,10,44,Clothing, £785.29 
266,53,46-55,Other," £84,616.00 ",68,10,8,Home & Garden, £543.31 
267,57,55-65,Female," £114,972.00 ",42,9,12,Home & Garden, £999.74 
268,23,18-25,Other," £101,024.00 ",29,3,41,Groceries, £484.85 
269,33,25-35,Female," £118,116.00 ",100,9,48,Sports, £21.90 
270,28,25-35,Female," £49,020.00 ",75,9,49,Electronics, £109.03 
271,69,65+,Male," £47,458.00 ",14,2,10,Groceries, £874.32 
272,52,46-55,Female," £104,033.00 ",6,5,15,Clothing, £192.31 
273,47,46-55,Other," £84,117.00 ",74,9,17,Home & Garden, £886.08 
274,60,55-65,Other," £107,232.00 ",68,4,48,Clothing, £730.80 
275,22,18-25,Other," £128,623.00 ",88,5,20,Clothing, £609.57 
276,39,35-45,Female," £39,931.00 ",43,1,28,Groceries, £261.36 
277,53,46-55,Other," £94,392.00 ",38,5,11,Clothing, £997.24 
278,63,55-65,Male," £48,225.00 ",24,6,14,Clothing, £764.05 
279,47,46-55,Other," £95,656.00 ",63,2,30,Electronics, £634.19 
280,53,46-55,Female," £61,826.00 ",96,1,14,Clothing, £577.00 
281,61,55-65,Other," £47,689.00 ",46,4,42,Home & Garden, £802.44 
282,34,25-35,Male," £68,250.00 ",9,10,26,Clothing, £835.06 
283,33,25-35,Male," £113,187.00 ",27,9,46,Electronics, £886.30 
284,43,35-45,Male," £77,006.00 ",27,3,36,Electronics, £223.98 
285,63,55-65,Female," £121,652.00 ",20,1,26,Sports, £169.58 
286,51,46-55,Male," £124,670.00 ",66,2,43,Clothing, £184.80 
287,31,25-35,Male," £119,460.00 ",69,2,22,Clothing, £486.21 
288,56,55-65,Male," £117,922.00 ",69,2,41,Home & Garden, £98.83 
289,38,35-45,Male," £84,577.00 ",70,7,27,Sports, £631.28 
290,43,35-45,Male," £64,136.00 ",61,1,19,Electronics, £680.92 
291,45,35-45,Female," £57,845.00 ",32,6,41,Clothing, £934.34 
292,62,55-65,Other," £38,250.00 ",63,5,22,Home & Garden, £723.93 
293,45,35-45,Other," £54,819.00 ",72,3,47,Sports, £553.44 
294,47,46-55,Other," £89,077.00 ",43,1,35,Clothing, £547.85 
295,18,Under 18,Other," £135,713.00 ",79,7,18,Electronics, £871.12 
296,56,55-65,Other," £129,611.00 ",23,3,48,Sports, £98.85 
297,40,35-45,Male," £97,995.00 ",47,4,9,Sports, £101.35 
298,39,35-45,Male," £132,488.00 ",40,5,37,Sports, £82.16 
299,59,55-65,Male," £36,383.00 ",5,6,31,Groceries, £82.77 
300,55,46-55,Other," £144,624.00 ",38,2,23,Groceries, £652.26 
301,52,46-55,Female," £106,147.00 ",2,6,19,Groceries, £412.65 
302,50,46-55,Other," £130,668.00 ",39,5,25,Home & Garden, £69.81 
303,59,55-65,Female," £57,745.00 ",33,7,42,Electronics, £492.87 
304,50,46-55,Female," £78,296.00 ",93,9,47,Electronics, £559.16 
305,32,25-35,Male," £39,407.00 ",50,6,13,Sports, £844.22 
306,48,46-55,Male," £39,407.00 ",82,5,27,Sports, £463.07 
307,26,25-35,Other," £135,530.00 ",81,2,12,Home & Garden, £126.35 
308,54,46-55,Female," £76,995.00 ",14,3,46,Electronics, £685.09 
309,64,55-65,Female," £96,182.00 ",44,4,8,Groceries, £509.31 
310,50,46-55,Male," £100,320.00 ",45,7,29,Sports, £139.39 
311,53,46-55,Male," £138,922.00 ",45,5,22,Electronics, £154.06 
312,30,25-35,Male," £143,200.00 ",38,8,30,Sports, £684.43 
313,69,65+,Other," £35,218.00 ",47,4,33,Electronics, £315.49 
314,44,35-45,Male," £141,748.00 ",55,2,50,Groceries, £897.57 
315,68,65+,Female," £62,971.00 ",27,8,17,Electronics, £85.45 
316,20,18-25,Female," £57,260.00 ",47,2,49,Electronics, £506.70 
317,18,Under 18,Other," £92,363.00 ",84,1,10,Electronics, £539.74 
318,23,18-25,Other," £84,664.00 ",45,5,12,Electronics, £592.72 
319,61,55-65,Other," £47,790.00 ",67,9,5,Home & Garden, £714.29 
320,34,25-35,Male," £31,668.00 ",43,5,40,Clothing, £117.01 
321,43,35-45,Female," £78,858.00 ",4,3,38,Sports, £261.19 
322,46,46-55,Other," £126,553.00 ",16,2,22,Home & Garden, £85.56 
323,55,46-55,Other," £80,006.00 ",44,2,49,Clothing, £727.51 
324,30,25-35,Male," £119,162.00 ",15,9,38,Home & Garden, £937.85 
325,41,35-45,Other," £71,410.00 ",69,1,32,Home & Garden, £456.67 
326,59,55-65,Other," £49,020.00 ",100,2,42,Groceries, £588.18 
327,50,46-55,Male," £36,022.00 ",11,6,49,Clothing, £801.59 
328,41,35-45,Female," £64,634.00 ",55,9,44,Groceries, £488.07 
329,68,65+,Other," £76,921.00 ",79,1,23,Groceries, £122.02 
330,28,25-35,Male," £51,087.00 ",60,4,42,Groceries, £68.31 
331,30,25-35,Male," £90,651.00 ",88,9,37,Groceries, £555.41 
332,38,35-45,Other," £50,518.00 ",70,1,38,Sports, £816.09 
333,21,18-25,Other," £126,598.00 ",14,3,1,Sports, £505.98 
334,58,55-65,Other," £99,475.00 ",27,9,9,Groceries, £249.39 
335,60,55-65,Male," £145,308.00 ",83,3,31,Groceries, £53.26 
336,40,35-45,Other," £107,488.00 ",96,7,16,Groceries, £843.60 
337,58,55-65,Male," £60,768.00 ",88,2,38,Groceries, £67.52 
338,42,35-45,Other," £115,381.00 ",70,7,33,Home & Garden, £592.52 
339,28,25-35,Female," £111,697.00 ",92,9,50,Sports, £205.58 
340,48,46-55,Other," £30,374.00 ",28,7,34,Groceries, £463.78 
341,31,25-35,Other," £35,406.00 ",45,10,9,Electronics, £637.02 
342,69,65+,Female," £71,688.00 ",69,4,25,Clothing, £532.23 
343,32,25-35,Male," £48,445.00 ",91,8,27,Home & Garden, £265.17 
344,41,35-45,Male," £136,928.00 ",42,5,33,Home & Garden, £239.72 
345,33,25-35,Male," £112,118.00 ",27,10,9,Clothing, £535.28 
346,62,55-65,Female," £114,587.00 ",14,7,11,Electronics, £26.72 
347,38,35-45,Female," £42,378.00 ",36,5,20,Sports, £279.77 
348,39,35-45,Female," £136,141.00 ",58,6,30,Home & Garden, £211.56 
349,44,35-45,Male," £32,030.00 ",38,2,19,Sports, £912.15 
350,56,55-65,Female," £148,694.00 ",44,7,13,Electronics, £326.50 
351,68,65+,Other," £122,661.00 ",16,4,48,Groceries, £85.44 
352,47,46-55,Female," £54,571.00 ",57,4,2,Electronics, £138.30 
353,61,55-65,Other," £120,516.00 ",100,10,47,Home & Garden, £475.52 
354,63,55-65,Other," £37,003.00 ",57,4,25,Sports, £857.68 
355,38,35-45,Other," £81,837.00 ",68,5,6,Sports, £349.35 
356,32,25-35,Other," £94,627.00 ",88,9,30,Clothing, £703.94 
357,49,46-55,Other," £103,191.00 ",34,5,41,Clothing, £253.63 
358,57,55-65,Male," £137,205.00 ",18,1,21,Electronics, £862.12 
359,50,46-55,Male," £85,888.00 ",19,2,25,Groceries, £910.52 
360,38,35-45,Male," £40,590.00 ",91,7,27,Electronics, £617.64 
361,28,25-35,Female," £130,938.00 ",98,5,37,Electronics, £612.09 
362,21,18-25,Male," £107,934.00 ",32,5,38,Home & Garden, £533.18 
363,26,25-35,Other," £149,741.00 ",51,4,37,Home & Garden, £685.36 
364,63,55-65,Other," £145,117.00 ",66,7,12,Sports, £971.02 
365,21,18-25,Other," £90,000.00 ",42,4,23,Home & Garden, £278.15 
366,19,18-25,Other," £105,019.00 ",84,8,32,Clothing, £735.30 
367,65,55-65,Female," £65,576.00 ",91,5,12,Clothing, £782.55 
368,53,46-55,Female," £130,474.00 ",74,10,39,Home & Garden, £217.92 
369,63,55-65,Other," £77,411.00 ",20,2,37,Sports, £648.38 
370,23,18-25,Female," £30,751.00 ",99,9,26,Electronics, £696.90 
371,20,18-25,Male," £87,520.00 ",93,4,3,Groceries, £459.87 
372,39,35-45,Female," £53,805.00 ",71,5,16,Sports, £372.03 
373,30,25-35,Other," £80,320.00 ",91,1,31,Electronics, £930.97 
374,64,55-65,Other," £84,380.00 ",69,10,28,Sports, £212.08 
375,33,25-35,Female," £58,367.00 ",11,4,29,Groceries, £826.87 
376,25,18-25,Female," £56,110.00 ",36,5,42,Electronics, £389.97 
377,46,46-55,Male," £123,037.00 ",100,1,9,Home & Garden, £617.74 
378,45,35-45,Female," £110,174.00 ",87,5,32,Home & Garden, £388.15 
379,41,35-45,Female," £30,074.00 ",95,8,19,Clothing, £78.82 
380,59,55-65,Other," £140,349.00 ",75,2,6,Sports, £383.64 
381,67,65+,Female," £104,036.00 ",56,10,37,Sports, £998.98 
382,68,65+,Other," £93,926.00 ",45,5,22,Electronics, £19.14 
383,65,55-65,Male," £124,796.00 ",4,5,38,Sports, £247.96 
384,46,46-55,Male," £120,914.00 ",1,1,41,Home & Garden, £329.90 
385,38,35-45,Male," £78,829.00 ",73,7,20,Sports, £665.25 
386,69,65+,Male," £105,810.00 ",57,6,28,Groceries, £985.94 
387,51,46-55,Female," £105,658.00 ",49,9,9,Electronics, £785.55 
388,25,18-25,Female," £100,053.00 ",6,5,33,Electronics, £832.57 
389,34,25-35,Other," £118,622.00 ",99,4,47,Sports, £122.21 
390,37,35-45,Male," £65,343.00 ",89,3,2,Electronics, £668.23 
391,67,65+,Female," £101,759.00 ",57,3,19,Sports, £670.51 
392,28,25-35,Male," £59,278.00 ",60,2,8,Home & Garden, £362.41 
393,55,46-55,Female," £127,542.00 ",79,8,12,Clothing, £632.60 
394,69,65+,Female," £74,331.00 ",83,9,11,Clothing, £341.63 
395,69,65+,Female," £119,075.00 ",40,8,44,Home & Garden, £866.72 
396,54,46-55,Other," £87,418.00 ",21,2,27,Groceries, £846.76 
397,23,18-25,Other," £37,713.00 ",11,8,31,Electronics, £481.24 
398,48,46-55,Male," £36,282.00 ",14,10,3,Sports, £210.43 
399,19,18-25,Female," £69,790.00 ",3,9,38,Groceries, £596.63 
400,41,35-45,Female," £147,962.00 ",90,2,9,Clothing, £688.61 
401,32,25-35,Other," £86,268.00 ",96,3,21,Electronics, £643.36 
402,63,55-65,Male," £149,062.00 ",66,9,7,Clothing, £441.11 
403,40,35-45,Other," £127,948.00 ",29,6,26,Groceries, £144.78 
404,36,35-45,Male," £30,121.00 ",39,10,16,Groceries, £233.08 
405,21,18-25,Male," £42,889.00 ",12,2,20,Home & Garden, £789.92 
406,29,25-35,Other," £141,369.00 ",42,10,16,Home & Garden, £862.54 
407,24,18-25,Other," £119,844.00 ",78,4,6,Groceries, £572.31 
408,40,35-45,Other," £135,305.00 ",54,8,29,Clothing, £831.60 
409,63,55-65,Female," £70,967.00 ",59,6,10,Home & Garden, £954.05 
410,20,18-25,Female," £98,213.00 ",12,5,37,Home & Garden, £902.24 
411,43,35-45,Female," £89,856.00 ",96,3,2,Clothing, £114.47 
412,61,55-65,Other," £80,988.00 ",34,8,14,Clothing, £937.86 
413,19,18-25,Female," £105,731.00 ",9,7,10,Home & Garden, £421.08 
414,69,65+,Female," £117,737.00 ",6,4,9,Groceries, £877.51 
415,57,55-65,Male," £52,164.00 ",53,3,36,Groceries, £710.84 
416,38,35-45,Other," £51,327.00 ",62,5,24,Sports, £645.43 
417,52,46-55,Other," £101,105.00 ",11,9,2,Home & Garden, £714.72 
418,51,46-55,Female," £97,565.00 ",48,10,31,Clothing, £656.90 
419,64,55-65,Other," £71,594.00 ",40,4,42,Clothing, £487.73 
420,46,46-55,Male," £60,671.00 ",57,5,48,Home & Garden, £817.69 
421,46,46-55,Female," £90,871.00 ",56,4,39,Clothing, £592.97 
422,56,55-65,Other," £36,843.00 ",46,7,12,Home & Garden, £22.15 
423,62,55-65,Female," £96,260.00 ",30,6,45,Electronics, £159.13 
424,56,55-65,Male," £134,502.00 ",46,5,5,Groceries, £394.49 
425,41,35-45,Male," £67,039.00 ",100,1,36,Electronics, £178.68 
426,40,35-45,Other," £142,251.00 ",90,10,14,Electronics, £866.52 
427,47,46-55,Female," £49,336.00 ",11,10,11,Sports, £877.17 
428,54,46-55,Other," £90,780.00 ",24,3,46,Groceries, £824.65 
429,20,18-25,Male," £49,308.00 ",29,6,19,Electronics, £351.64 
430,64,55-65,Other," £124,369.00 ",74,2,3,Home & Garden, £275.40 
431,40,35-45,Male," £99,618.00 ",80,4,22,Groceries, £15.04 
432,29,25-35,Female," £133,291.00 ",52,4,42,Clothing, £916.28 
433,44,35-45,Female," £100,832.00 ",90,8,39,Electronics, £769.00 
434,57,55-65,Male," £60,668.00 ",66,6,28,Electronics, £984.60 
435,32,25-35,Female," £69,782.00 ",76,1,9,Home & Garden, £803.28 
436,52,46-55,Other," £136,827.00 ",87,5,20,Sports, £322.29 
437,48,46-55,Other," £51,565.00 ",44,5,20,Groceries, £552.48 
438,47,46-55,Female," £95,033.00 ",25,3,35,Electronics, £273.38 
439,63,55-65,Female," £118,402.00 ",74,3,12,Sports, £828.04 
440,23,18-25,Female," £130,546.00 ",71,9,36,Sports, £799.33 
441,46,46-55,Male," £68,970.00 ",50,9,46,Clothing, £392.35 
442,26,25-35,Female," £84,460.00 ",45,1,33,Clothing, £219.67 
443,47,46-55,Other," £138,199.00 ",79,10,43,Electronics, £171.38 
444,62,55-65,Other," £59,481.00 ",30,4,35,Clothing, £121.00 
445,62,55-65,Female," £75,974.00 ",68,4,46,Groceries, £180.09 
446,53,46-55,Male," £56,570.00 ",29,7,37,Electronics, £432.65 
447,27,25-35,Other," £68,689.00 ",83,8,33,Groceries, £782.58 
448,31,25-35,Female," £46,106.00 ",72,7,2,Sports, £59.82 
449,50,46-55,Male," £46,524.00 ",1,4,7,Home & Garden, £371.62 
450,48,46-55,Male," £60,382.00 ",13,3,27,Electronics, £694.59 
451,24,18-25,Other," £147,555.00 ",65,4,28,Groceries, £434.84 
452,45,35-45,Female," £93,800.00 ",33,10,32,Sports, £391.45 
453,30,25-35,Male," £35,565.00 ",83,8,17,Electronics, £238.79 
454,27,25-35,Male," £143,992.00 ",31,2,32,Home & Garden, £994.10 
455,28,25-35,Other," £126,571.00 ",82,10,8,Electronics, £26.12 
456,61,55-65,Other," £57,851.00 ",46,3,5,Clothing, £604.29 
457,30,25-35,Other," £120,083.00 ",47,1,49,Electronics, £443.12 
458,62,55-65,Male," £32,827.00 ",69,8,2,Groceries, £468.37 
459,30,25-35,Other," £100,399.00 ",96,2,5,Clothing, £705.64 
460,55,46-55,Female," £105,647.00 ",94,1,14,Sports, £737.91 
461,41,35-45,Male," £141,605.00 ",100,4,20,Home & Garden, £693.02 
462,57,55-65,Female," £46,563.00 ",86,4,24,Electronics, £800.46 
463,53,46-55,Male," £37,569.00 ",18,8,50,Clothing, £634.92 
464,65,55-65,Female," £138,529.00 ",87,10,14,Sports, £461.61 
465,54,46-55,Female," £40,858.00 ",48,6,20,Clothing, £34.88 
466,69,65+,Other," £143,640.00 ",14,8,2,Clothing, £387.39 
467,25,18-25,Male," £99,668.00 ",1,1,50,Groceries, £937.86 
468,54,46-55,Male," £32,276.00 ",73,2,44,Clothing, £554.58 
469,32,25-35,Other," £100,736.00 ",84,10,32,Groceries, £863.93 
470,53,46-55,Other," £139,508.00 ",92,6,39,Clothing, £172.99 
471,32,25-35,Male," £38,683.00 ",59,10,47,Groceries, £846.85 
472,35,25-35,Other," £42,390.00 ",27,3,41,Electronics, £781.31 
473,53,46-55,Female," £104,435.00 ",42,4,34,Home & Garden, £795.81 
474,54,46-55,Female," £111,261.00 ",56,1,44,Groceries, £216.09 
475,36,35-45,Other," £112,674.00 ",12,7,35,Groceries, £590.32 
476,38,35-45,Male," £144,083.00 ",23,1,28,Groceries, £158.15 
477,42,35-45,Male," £115,342.00 ",19,4,47,Sports, £13.69 
478,48,46-55,Other," £143,424.00 ",24,3,22,Home & Garden, £594.94 
479,58,55-65,Female," £137,836.00 ",19,9,21,Electronics, £172.39 
480,19,18-25,Female," £35,529.00 ",62,4,24,Clothing, £177.69 
481,54,46-55,Male," £105,641.00 ",17,9,37,Sports, £173.81 
482,65,55-65,Other," £120,542.00 ",52,3,36,Clothing, £70.22 
483,44,35-45,Female," £43,069.00 ",55,6,33,Groceries, £501.34 
484,40,35-45,Male," £61,052.00 ",44,4,17,Groceries, £135.19 
485,65,55-65,Male," £39,113.00 ",85,9,42,Home & Garden, £964.87 
486,66,65+,Other," £91,672.00 ",71,5,9,Clothing, £10.40 
487,22,18-25,Female," £104,781.00 ",64,8,38,Home & Garden, £151.48 
488,47,46-55,Other," £124,597.00 ",67,9,8,Clothing, £885.33 
489,26,25-35,Female," £96,845.00 ",19,1,5,Home & Garden, £154.89 
490,19,18-25,Female," £113,254.00 ",38,5,35,Clothing, £633.50 
491,22,18-25,Female," £46,900.00 ",70,1,24,Groceries, £325.46 
492,39,35-45,Male," £84,725.00 ",100,8,49,Sports, £906.07 
493,51,46-55,Female," £120,616.00 ",71,1,16,Clothing, £542.03 
494,35,25-35,Male," £141,134.00 ",24,4,48,Sports, £649.61 
495,59,55-65,Male," £140,809.00 ",45,5,45,Sports, £917.50 
496,33,25-35,Female," £65,486.00 ",76,2,11,Sports, £302.05 
497,56,55-65,Male," £145,254.00 ",48,6,43,Sports, £422.32 
498,54,46-55,Female," £43,308.00 ",56,5,50,Electronics, £667.92 
499,25,18-25,Male," £33,065.00 ",61,7,40,Groceries, £317.98 
500,47,46-55,Male," £69,168.00 ",16,7,42,Clothing, £638.96 
501,42,35-45,Male," £129,999.00 ",73,5,2,Clothing, £942.97 
502,61,55-65,Female," £41,730.00 ",2,9,20,Electronics, £177.64 
503,22,18-25,Male," £75,626.00 ",52,7,34,Electronics, £154.67 
504,18,Under 18,Other," £142,641.00 ",40,7,31,Electronics, £240.64 
505,22,18-25,Male," £53,863.00 ",96,10,41,Electronics, £491.64 
506,66,65+,Male," £149,505.00 ",79,4,8,Sports, £334.95 
507,58,55-65,Male," £132,215.00 ",91,8,6,Sports, £275.71 
508,48,46-55,Other," £72,108.00 ",85,8,13,Sports, £486.58 
509,68,65+,Other," £113,760.00 ",64,2,37,Sports, £462.62 
510,19,18-25,Male," £111,238.00 ",7,2,30,Sports, £813.37 
511,24,18-25,Other," £109,039.00 ",71,9,41,Sports, £606.18 
512,33,25-35,Male," £132,968.00 ",49,10,45,Sports, £641.53 
513,19,18-25,Male," £82,506.00 ",10,5,41,Sports, £406.32 
514,69,65+,Female," £58,668.00 ",40,2,15,Home & Garden, £626.35 
515,28,25-35,Male," £66,961.00 ",8,10,22,Groceries, £179.82 
516,32,25-35,Other," £137,280.00 ",95,6,3,Electronics, £31.72 
517,18,Under 18,Other," £112,021.00 ",9,3,11,Groceries, £588.37 
518,45,35-45,Female," £110,280.00 ",85,4,21,Groceries, £944.07 
519,45,35-45,Female," £67,753.00 ",64,4,48,Sports, £926.69 
520,38,35-45,Male," £54,918.00 ",1,6,6,Electronics, £979.26 
521,69,65+,Other," £78,534.00 ",100,2,9,Home & Garden, £75.03 
522,29,25-35,Female," £51,471.00 ",96,3,13,Home & Garden, £668.21 
523,32,25-35,Female," £58,144.00 ",4,5,16,Electronics, £923.37 
524,47,46-55,Other," £100,338.00 ",13,9,40,Electronics, £48.65 
525,33,25-35,Female," £90,232.00 ",19,2,8,Clothing, £255.08 
526,52,46-55,Male," £133,701.00 ",64,1,34,Clothing, £534.25 
527,62,55-65,Female," £117,704.00 ",37,3,48,Sports, £112.11 
528,23,18-25,Female," £144,577.00 ",75,1,9,Clothing, £826.02 
529,57,55-65,Male," £139,366.00 ",39,5,50,Sports, £34.50 
530,27,25-35,Male," £106,944.00 ",63,1,28,Sports, £36.39 
531,61,55-65,Male," £92,031.00 ",44,7,11,Sports, £573.31 
532,19,18-25,Male," £146,165.00 ",38,9,45,Home & Garden, £819.92 
533,36,35-45,Other," £113,794.00 ",74,1,27,Sports, £377.75 
534,28,25-35,Male," £121,073.00 ",44,3,16,Sports, £482.35 
535,46,46-55,Other," £61,090.00 ",3,4,3,Sports, £213.68 
536,62,55-65,Female," £74,474.00 ",49,2,18,Sports, £933.65 
537,48,46-55,Female," £57,932.00 ",70,9,44,Home & Garden, £192.46 
538,39,35-45,Male," £49,970.00 ",53,5,24,Groceries, £728.58 
539,27,25-35,Male," £73,823.00 ",11,8,23,Electronics, £27.40 
540,36,35-45,Male," £37,595.00 ",88,8,49,Groceries, £600.48 
541,33,25-35,Female," £103,063.00 ",16,3,4,Electronics, £998.51 
542,69,65+,Other," £86,860.00 ",70,1,1,Clothing, £812.25 
543,68,65+,Female," £40,478.00 ",22,4,46,Groceries, £954.91 
544,66,65+,Female," £126,893.00 ",3,1,32,Clothing, £199.17 
545,23,18-25,Female," £123,168.00 ",80,4,19,Clothing, £860.95 
546,44,35-45,Other," £112,137.00 ",37,7,18,Groceries, £769.16 
547,60,55-65,Other," £108,533.00 ",23,9,24,Electronics, £506.98 
548,22,18-25,Female," £93,861.00 ",42,6,6,Home & Garden, £73.13 
549,39,35-45,Male," £30,004.00 ",32,6,48,Sports, £863.47 
550,53,46-55,Male," £47,499.00 ",85,2,45,Sports, £338.69 
551,50,46-55,Male," £43,965.00 ",83,3,17,Electronics, £83.38 
552,20,18-25,Male," £51,199.00 ",100,5,5,Clothing, £889.83 
553,69,65+,Male," £51,759.00 ",18,9,14,Sports, £563.48 
554,61,55-65,Female," £54,256.00 ",78,3,3,Home & Garden, £886.44 
555,66,65+,Other," £53,345.00 ",100,4,22,Sports, £221.75 
556,25,18-25,Female," £52,403.00 ",53,1,14,Groceries, £73.34 
557,45,35-45,Male," £95,367.00 ",83,5,30,Home & Garden, £845.33 
558,40,35-45,Male," £62,536.00 ",84,4,28,Sports, £149.07 
559,33,25-35,Male," £121,639.00 ",17,7,28,Home & Garden, £422.14 
560,63,55-65,Male," £82,296.00 ",61,4,43,Home & Garden, £390.89 
561,61,55-65,Other," £137,276.00 ",92,5,8,Groceries, £482.77 
562,18,Under 18,Male," £143,235.00 ",46,10,31,Groceries, £143.75 
563,23,18-25,Male," £143,899.00 ",10,3,47,Groceries, £361.81 
564,56,55-65,Other," £134,923.00 ",18,3,31,Electronics, £515.16 
565,68,65+,Other," £106,635.00 ",85,10,30,Electronics, £854.95 
566,29,25-35,Male," £60,262.00 ",56,4,27,Clothing, £452.32 
567,22,18-25,Other," £92,601.00 ",75,7,49,Electronics, £120.76 
568,45,35-45,Female," £41,917.00 ",58,8,5,Home & Garden, £870.38 
569,29,25-35,Female," £59,815.00 ",43,6,24,Groceries, £105.48 
570,18,Under 18,Other," £94,701.00 ",69,8,48,Clothing, £760.34 
571,36,35-45,Female," £31,458.00 ",40,4,6,Electronics, £371.77 
572,19,18-25,Male," £134,193.00 ",95,7,44,Electronics, £97.65 
573,40,35-45,Female," £143,338.00 ",6,8,26,Groceries, £491.07 
574,48,46-55,Other," £93,084.00 ",30,7,5,Clothing, £480.55 
575,49,46-55,Male," £55,027.00 ",62,2,1,Clothing, £962.90 
576,51,46-55,Female," £149,256.00 ",96,1,31,Electronics, £266.83 
577,32,25-35,Female," £46,610.00 ",92,5,9,Groceries, £409.85 
578,64,55-65,Male," £43,175.00 ",59,10,35,Electronics, £363.86 
579,21,18-25,Female," £71,227.00 ",17,10,12,Electronics, £101.48 
580,51,46-55,Female," £149,744.00 ",99,1,12,Groceries, £215.92 
581,46,46-55,Male," £129,568.00 ",56,10,27,Clothing, £766.26 
582,19,18-25,Male," £135,968.00 ",50,4,49,Electronics, £174.43 
583,33,25-35,Male," £38,240.00 ",92,3,37,Home & Garden, £626.82 
584,30,25-35,Male," £114,808.00 ",23,9,6,Clothing, £74.08 
585,51,46-55,Female," £37,310.00 ",6,5,14,Sports, £706.18 
586,62,55-65,Other," £147,903.00 ",79,5,22,Electronics, £203.15 
587,20,18-25,Other," £61,541.00 ",80,2,14,Groceries, £48.50 
588,47,46-55,Other," £55,753.00 ",69,5,40,Home & Garden, £772.89 
589,29,25-35,Other," £80,868.00 ",33,6,15,Clothing, £865.65 
590,33,25-35,Male," £93,599.00 ",22,4,37,Sports, £274.96 
591,53,46-55,Male," £108,263.00 ",21,1,47,Electronics, £734.48 
592,22,18-25,Male," £100,730.00 ",4,5,10,Sports, £459.58 
593,62,55-65,Female," £148,501.00 ",41,9,32,Sports, £980.47 
594,29,25-35,Other," £98,150.00 ",42,9,34,Sports, £324.11 
595,28,25-35,Other," £61,870.00 ",100,6,3,Groceries, £728.67 
596,46,46-55,Male," £73,370.00 ",2,4,29,Home & Garden, £486.50 
597,50,46-55,Male," £132,598.00 ",57,7,21,Home & Garden, £930.91 
598,56,55-65,Other," £55,695.00 ",58,7,30,Electronics, £435.76 
599,41,35-45,Other," £69,204.00 ",95,4,28,Clothing, £936.04 
600,52,46-55,Male," £127,010.00 ",76,8,26,Sports, £13.46 
601,53,46-55,Female," £137,854.00 ",33,10,47,Groceries, £523.27 
602,20,18-25,Male," £145,924.00 ",64,5,18,Electronics, £495.49 
603,33,25-35,Female," £53,219.00 ",33,4,47,Clothing, £251.23 
604,47,46-55,Male," £64,592.00 ",25,4,12,Home & Garden, £237.34 
605,18,Under 18,Female," £144,275.00 ",69,9,27,Electronics, £141.72 
606,39,35-45,Male," £48,641.00 ",45,3,46,Home & Garden, £415.19 
607,30,25-35,Male," £102,200.00 ",88,5,47,Home & Garden, £131.84 
608,41,35-45,Other," £67,215.00 ",34,3,30,Home & Garden, £460.25 
609,53,46-55,Other," £96,499.00 ",29,4,5,Electronics, £744.11 
610,23,18-25,Female," £83,912.00 ",28,6,31,Home & Garden, £98.32 
611,42,35-45,Female," £63,444.00 ",72,4,40,Home & Garden, £166.45 
612,33,25-35,Female," £38,271.00 ",39,10,43,Electronics, £99.52 
613,60,55-65,Other," £53,295.00 ",73,3,5,Home & Garden, £642.30 
614,64,55-65,Female," £116,106.00 ",5,1,5,Clothing, £25.86 
615,69,65+,Male," £141,965.00 ",98,5,35,Electronics, £616.66 
616,43,35-45,Male," £38,012.00 ",55,3,24,Groceries, £943.37 
617,29,25-35,Other," £83,172.00 ",51,8,1,Clothing, £906.75 
618,53,46-55,Other," £62,024.00 ",13,2,39,Sports, £66.60 
619,29,25-35,Other," £88,288.00 ",39,5,50,Groceries, £803.87 
620,53,46-55,Other," £50,215.00 ",92,6,48,Sports, £814.52 
621,20,18-25,Male," £122,028.00 ",40,3,6,Electronics, £777.44 
622,33,25-35,Other," £102,269.00 ",26,8,47,Sports, £356.67 
623,30,25-35,Female," £97,829.00 ",99,4,27,Clothing, £320.95 
624,59,55-65,Other," £66,196.00 ",37,9,44,Clothing, £483.66 
625,41,35-45,Male," £36,763.00 ",50,5,36,Home & Garden, £490.62 
626,19,18-25,Male," £138,008.00 ",8,9,15,Groceries, £116.80 
627,27,25-35,Female," £96,762.00 ",22,3,10,Electronics, £551.43 
628,39,35-45,Other," £108,744.00 ",63,2,23,Sports, £411.86 
629,65,55-65,Male," £84,223.00 ",83,7,46,Groceries, £971.93 
630,64,55-65,Female," £145,746.00 ",76,2,48,Home & Garden, £49.06 
631,47,46-55,Female," £108,766.00 ",37,7,38,Groceries, £640.55 
632,29,25-35,Female," £72,125.00 ",41,5,31,Sports, £507.62 
633,43,35-45,Female," £97,989.00 ",14,6,49,Electronics, £886.61 
634,51,46-55,Other," £143,678.00 ",50,8,23,Electronics, £916.04 
635,23,18-25,Female," £122,669.00 ",15,3,4,Electronics, £248.68 
636,24,18-25,Female," £93,266.00 ",20,1,4,Clothing, £636.29 
637,52,46-55,Other," £85,267.00 ",6,5,2,Home & Garden, £704.32 
638,34,25-35,Female," £60,489.00 ",95,3,38,Home & Garden, £304.86 
639,68,65+,Male," £57,700.00 ",70,8,46,Groceries, £178.21 
640,57,55-65,Male," £97,035.00 ",28,6,42,Home & Garden, £741.41 
641,59,55-65,Other," £141,667.00 ",28,4,5,Sports, £204.25 
642,34,25-35,Female," £114,408.00 ",38,7,28,Electronics, £647.35 
643,64,55-65,Female," £92,888.00 ",2,7,50,Sports, £84.98 
644,54,46-55,Male," £132,403.00 ",83,3,2,Sports, £45.20 
645,67,65+,Other," £115,578.00 ",10,1,36,Groceries, £646.16 
646,62,55-65,Male," £113,856.00 ",78,6,50,Electronics, £720.47 
647,24,18-25,Other," £122,371.00 ",11,2,4,Electronics, £838.19 
648,43,35-45,Female," £67,979.00 ",49,2,6,Groceries, £420.03 
649,27,25-35,Male," £147,360.00 ",96,3,26,Sports, £26.10 
650,47,46-55,Other," £88,268.00 ",32,8,27,Groceries, £686.50 
651,27,25-35,Female," £113,174.00 ",36,3,46,Electronics, £499.07 
652,32,25-35,Other," £95,862.00 ",34,6,41,Electronics, £65.15 
653,41,35-45,Male," £140,959.00 ",35,7,14,Home & Garden, £232.42 
654,48,46-55,Male," £82,356.00 ",97,1,35,Sports, £204.55 
655,45,35-45,Other," £47,989.00 ",70,6,9,Groceries, £218.77 
656,33,25-35,Other," £65,142.00 ",45,10,42,Clothing, £132.60 
657,27,25-35,Male," £81,110.00 ",44,6,8,Electronics, £654.05 
658,61,55-65,Male," £145,578.00 ",79,2,34,Clothing, £762.06 
659,35,25-35,Other," £116,378.00 ",38,10,11,Clothing, £79.27 
660,54,46-55,Female," £89,035.00 ",14,4,11,Sports, £138.81 
661,69,65+,Female," £34,122.00 ",50,4,27,Sports, £758.44 
662,66,65+,Other," £38,652.00 ",40,10,7,Home & Garden, £566.59 
663,30,25-35,Female," £76,658.00 ",70,3,32,Groceries, £760.27 
664,56,55-65,Other," £30,492.00 ",47,5,6,Groceries, £725.26 
665,37,35-45,Male," £105,623.00 ",26,5,47,Home & Garden, £94.79 
666,31,25-35,Other," £85,972.00 ",62,9,25,Sports, £914.63 
667,29,25-35,Female," £135,394.00 ",53,9,36,Clothing, £30.13 
668,27,25-35,Female," £48,576.00 ",29,7,29,Sports, £976.83 
669,52,46-55,Male," £87,717.00 ",79,6,44,Clothing, £95.17 
670,55,46-55,Other," £59,108.00 ",36,6,31,Home & Garden, £900.16 
671,34,25-35,Male," £54,274.00 ",27,2,17,Home & Garden, £954.46 
672,30,25-35,Male," £94,803.00 ",76,6,33,Home & Garden, £596.98 
673,47,46-55,Female," £40,790.00 ",36,1,4,Clothing, £913.84 
674,32,25-35,Other," £41,072.00 ",14,5,39,Electronics, £981.04 
675,64,55-65,Female," £67,704.00 ",12,6,17,Home & Garden, £126.15 
676,64,55-65,Female," £48,169.00 ",39,5,33,Groceries, £451.86 
677,51,46-55,Female," £146,159.00 ",99,7,38,Groceries, £808.89 
678,63,55-65,Other," £56,374.00 ",60,4,45,Home & Garden, £943.50 
679,46,46-55,Female," £112,770.00 ",6,10,27,Sports, £559.73 
680,36,35-45,Other," £106,345.00 ",98,7,49,Clothing, £55.21 
681,49,46-55,Other," £115,974.00 ",95,8,22,Electronics, £143.00 
682,61,55-65,Male," £136,973.00 ",27,7,2,Electronics, £269.20 
683,27,25-35,Female," £89,855.00 ",54,10,37,Home & Garden, £750.51 
684,42,35-45,Male," £56,378.00 ",8,9,18,Clothing, £880.45 
685,37,35-45,Male," £104,041.00 ",64,9,49,Home & Garden, £117.52 
686,30,25-35,Male," £115,674.00 ",78,2,48,Clothing, £621.73 
687,59,55-65,Male," £65,196.00 ",22,2,36,Home & Garden, £625.33 
688,30,25-35,Male," £94,970.00 ",15,4,11,Sports, £250.07 
689,69,65+,Other," £45,024.00 ",38,5,11,Clothing, £830.03 
690,39,35-45,Female," £141,586.00 ",50,4,46,Clothing, £659.67 
691,53,46-55,Other," £84,686.00 ",93,8,1,Groceries, £109.54 
692,23,18-25,Male," £57,558.00 ",28,6,23,Electronics, £800.78 
693,28,25-35,Female," £142,450.00 ",80,3,22,Groceries, £471.87 
694,64,55-65,Male," £32,144.00 ",76,2,28,Sports, £902.66 
695,45,35-45,Male," £53,474.00 ",79,8,21,Electronics, £40.32 
696,61,55-65,Male," £89,720.00 ",4,9,8,Groceries, £795.49 
697,36,35-45,Female," £114,281.00 ",99,7,6,Sports, £217.78 
698,33,25-35,Other," £36,577.00 ",28,4,1,Electronics, £612.54 
699,55,46-55,Other," £53,164.00 ",64,2,19,Clothing, £932.41 
700,31,25-35,Male," £33,604.00 ",8,5,2,Electronics, £984.15 
701,31,25-35,Male," £148,121.00 ",34,9,32,Groceries, £753.49 
702,26,25-35,Female," £42,499.00 ",92,9,50,Electronics, £37.57 
703,26,25-35,Female," £56,466.00 ",61,3,12,Home & Garden, £358.22 
704,52,46-55,Female," £58,805.00 ",14,2,47,Sports, £104.35 
705,42,35-45,Male," £49,140.00 ",23,9,35,Clothing, £400.23 
706,29,25-35,Female," £102,972.00 ",68,3,39,Clothing, £258.09 
707,47,46-55,Female," £128,439.00 ",42,5,22,Sports, £219.02 
708,68,65+,Male," £47,482.00 ",100,9,49,Clothing, £170.56 
709,44,35-45,Female," £118,123.00 ",40,8,31,Clothing, £140.52 
710,43,35-45,Female," £43,545.00 ",67,5,41,Electronics, £179.71 
711,43,35-45,Other," £51,398.00 ",12,4,26,Sports, £117.85 
712,18,Under 18,Male," £141,318.00 ",37,6,28,Home & Garden, £428.33 
713,19,18-25,Female," £76,416.00 ",26,6,20,Electronics, £385.10 
714,30,25-35,Male," £100,115.00 ",54,2,36,Sports, £789.67 
715,43,35-45,Other," £67,912.00 ",71,10,35,Electronics, £698.03 
716,48,46-55,Female," £74,273.00 ",23,10,46,Sports, £626.27 
717,47,46-55,Male," £136,278.00 ",76,10,48,Clothing, £233.64 
718,57,55-65,Female," £108,833.00 ",77,3,37,Home & Garden, £623.78 
719,21,18-25,Female," £119,226.00 ",21,8,50,Sports, £772.63 
720,69,65+,Other," £72,651.00 ",58,5,30,Electronics, £103.11 
721,27,25-35,Male," £114,848.00 ",66,10,38,Groceries, £912.58 
722,45,35-45,Male," £127,989.00 ",99,1,42,Home & Garden, £683.99 
723,20,18-25,Male," £48,504.00 ",27,3,28,Groceries, £658.54 
724,21,18-25,Other," £114,762.00 ",28,3,7,Sports, £397.54 
725,48,46-55,Female," £108,563.00 ",3,8,39,Clothing, £15.72 
726,40,35-45,Other," £105,994.00 ",39,9,17,Home & Garden, £347.21 
727,18,Under 18,Other," £84,764.00 ",2,6,49,Home & Garden, £348.51 
728,28,25-35,Other," £53,503.00 ",39,5,30,Groceries, £591.64 
729,50,46-55,Male," £86,985.00 ",77,8,11,Sports, £964.10 
730,19,18-25,Male," £85,349.00 ",77,8,29,Home & Garden, £381.04 
731,53,46-55,Female," £52,855.00 ",12,5,33,Groceries, £444.09 
732,29,25-35,Other," £66,264.00 ",85,2,8,Electronics, £743.30 
733,49,46-55,Male," £56,707.00 ",6,8,29,Electronics, £604.53 
734,23,18-25,Other," £66,886.00 ",7,6,40,Electronics, £322.64 
735,38,35-45,Other," £115,537.00 ",10,7,25,Clothing, £632.99 
736,52,46-55,Female," £130,875.00 ",76,10,14,Clothing, £979.39 
737,28,25-35,Male," £104,971.00 ",74,4,10,Clothing, £297.17 
738,18,Under 18,Female," £136,320.00 ",52,5,42,Electronics, £891.19 
739,61,55-65,Male," £113,380.00 ",27,2,17,Electronics, £177.50 
740,62,55-65,Female," £119,083.00 ",18,4,28,Electronics, £317.78 
741,50,46-55,Female," £50,944.00 ",24,3,36,Electronics, £121.22 
742,45,35-45,Other," £30,738.00 ",38,7,5,Home & Garden, £144.00 
743,64,55-65,Male," £132,277.00 ",81,5,30,Sports, £505.24 
744,56,55-65,Male," £90,816.00 ",20,10,35,Electronics, £808.16 
745,30,25-35,Female," £64,288.00 ",93,9,43,Groceries, £825.85 
746,60,55-65,Male," £34,657.00 ",99,10,3,Electronics, £983.30 
747,26,25-35,Male," £44,725.00 ",40,10,17,Groceries, £307.42 
748,57,55-65,Female," £58,696.00 ",69,4,29,Groceries, £570.87 
749,22,18-25,Male," £73,023.00 ",30,1,19,Home & Garden, £661.70 
750,41,35-45,Other," £74,985.00 ",68,8,21,Electronics, £123.96 
751,63,55-65,Male," £37,201.00 ",60,6,46,Groceries, £90.96 
752,31,25-35,Male," £85,928.00 ",10,2,40,Home & Garden, £34.10 
753,28,25-35,Other," £129,367.00 ",4,1,44,Electronics, £559.61 
754,52,46-55,Male," £49,342.00 ",77,7,29,Groceries, £622.86 
755,61,55-65,Male," £59,583.00 ",11,8,27,Clothing, £744.56 
756,30,25-35,Female," £111,050.00 ",61,10,32,Electronics, £213.88 
757,19,18-25,Female," £129,687.00 ",78,3,43,Home & Garden, £679.67 
758,35,25-35,Male," £94,896.00 ",36,6,4,Home & Garden, £102.23 
759,64,55-65,Other," £130,443.00 ",29,1,17,Home & Garden, £835.67 
760,27,25-35,Male," £80,545.00 ",63,6,46,Sports, £575.98 
761,47,46-55,Male," £112,510.00 ",1,2,10,Home & Garden, £618.20 
762,57,55-65,Male," £145,190.00 ",42,9,8,Sports, £971.83 
763,63,55-65,Male," £115,204.00 ",12,2,19,Home & Garden, £910.59 
764,61,55-65,Female," £116,123.00 ",96,2,27,Sports, £844.95 
765,40,35-45,Other," £108,344.00 ",87,2,13,Electronics, £892.28 
766,41,35-45,Other," £74,198.00 ",84,1,50,Clothing, £60.51 
767,45,35-45,Other," £62,582.00 ",1,6,46,Clothing, £298.11 
768,33,25-35,Other," £92,798.00 ",80,3,44,Groceries, £367.85 
769,19,18-25,Male," £85,583.00 ",61,5,43,Sports, £316.35 
770,61,55-65,Male," £32,692.00 ",18,8,28,Groceries, £709.33 
771,55,46-55,Other," £53,069.00 ",3,10,43,Clothing, £777.97 
772,26,25-35,Female," £79,842.00 ",78,9,5,Clothing, £557.41 
773,51,46-55,Female," £70,099.00 ",42,7,12,Groceries, £481.56 
774,52,46-55,Male," £52,167.00 ",19,5,50,Home & Garden, £961.55 
775,24,18-25,Male," £51,225.00 ",21,6,31,Sports, £235.64 
776,31,25-35,Female," £123,947.00 ",25,2,39,Groceries, £355.67 
777,19,18-25,Other," £45,781.00 ",93,6,43,Sports, £412.99 
778,46,46-55,Female," £78,023.00 ",83,7,28,Sports, £270.15 
779,56,55-65,Other," £43,031.00 ",56,2,15,Electronics, £830.79 
780,65,55-65,Other," £80,686.00 ",2,8,30,Sports, £491.80 
781,53,46-55,Male," £147,355.00 ",10,2,38,Home & Garden, £866.30 
782,22,18-25,Male," £118,840.00 ",32,9,9,Electronics, £819.14 
783,39,35-45,Other," £71,987.00 ",42,5,35,Clothing, £196.61 
784,47,46-55,Other," £64,229.00 ",74,5,22,Groceries, £438.95 
785,45,35-45,Female," £88,366.00 ",22,10,24,Electronics, £253.64 
786,30,25-35,Male," £43,192.00 ",61,1,27,Sports, £614.39 
787,57,55-65,Other," £56,547.00 ",65,10,43,Groceries, £686.83 
788,33,25-35,Male," £38,558.00 ",71,8,22,Home & Garden, £223.73 
789,25,18-25,Female," £52,575.00 ",77,5,13,Clothing, £112.22 
790,61,55-65,Male," £96,409.00 ",66,1,32,Sports, £674.93 
791,59,55-65,Female," £97,756.00 ",89,6,3,Home & Garden, £318.74 
792,18,Under 18,Other," £140,475.00 ",38,8,7,Sports, £442.42 
793,63,55-65,Female," £123,481.00 ",26,1,26,Home & Garden, £386.51 
794,50,46-55,Male," £103,921.00 ",58,2,3,Electronics, £687.32 
795,33,25-35,Female," £45,432.00 ",11,4,42,Electronics, £990.34 
796,47,46-55,Male," £92,114.00 ",17,7,8,Home & Garden, £997.15 
797,47,46-55,Male," £86,651.00 ",54,3,49,Home & Garden, £678.41 
798,68,65+,Other," £44,597.00 ",3,1,36,Sports, £743.73 
799,25,18-25,Male," £107,042.00 ",27,1,32,Clothing, £648.79 
800,35,25-35,Other," £114,874.00 ",40,3,15,Sports, £333.55 
801,61,55-65,Other," £69,791.00 ",33,8,1,Sports, £165.39 
802,51,46-55,Male," £107,033.00 ",96,3,42,Groceries, £992.17 
803,64,55-65,Male," £127,745.00 ",72,2,11,Groceries, £192.17 
804,59,55-65,Female," £58,656.00 ",47,6,6,Groceries, £246.07 
805,51,46-55,Female," £97,660.00 ",3,7,30,Sports, £145.66 
806,49,46-55,Male," £69,864.00 ",92,10,25,Groceries, £522.78 
807,24,18-25,Male," £68,172.00 ",6,1,28,Clothing, £445.30 
808,33,25-35,Male," £127,302.00 ",43,1,40,Groceries, £785.52 
809,46,46-55,Other," £91,845.00 ",35,8,49,Electronics, £537.23 
810,35,25-35,Male," £83,547.00 ",27,7,40,Electronics, £570.08 
811,27,25-35,Female," £78,001.00 ",50,5,17,Home & Garden, £117.03 
812,53,46-55,Other," £76,842.00 ",73,6,35,Home & Garden, £701.61 
813,19,18-25,Male," £68,304.00 ",9,10,28,Sports, £864.57 
814,56,55-65,Other," £145,028.00 ",2,10,32,Home & Garden, £849.56 
815,53,46-55,Female," £58,486.00 ",87,8,23,Home & Garden, £409.35 
816,50,46-55,Other," £143,612.00 ",71,9,28,Groceries, £372.69 
817,37,35-45,Female," £115,734.00 ",87,2,50,Groceries, £646.40 
818,69,65+,Male," £129,445.00 ",32,3,6,Home & Garden, £42.19 
819,46,46-55,Other," £58,692.00 ",2,9,22,Home & Garden, £230.66 
820,52,46-55,Other," £73,723.00 ",69,10,19,Sports, £321.92 
821,41,35-45,Other," £37,547.00 ",72,3,24,Groceries, £897.46 
822,26,25-35,Female," £34,901.00 ",31,7,9,Groceries, £667.80 
823,69,65+,Male," £85,068.00 ",54,6,24,Sports, £846.68 
824,38,35-45,Female," £81,244.00 ",57,5,3,Home & Garden, £301.59 
825,30,25-35,Female," £121,358.00 ",16,1,2,Electronics, £122.70 
826,48,46-55,Male," £111,795.00 ",41,9,17,Groceries, £116.19 
827,62,55-65,Other," £88,975.00 ",58,6,24,Sports, £921.21 
828,34,25-35,Male," £43,316.00 ",72,7,13,Electronics, £274.88 
829,37,35-45,Male," £112,949.00 ",33,8,40,Home & Garden, £424.07 
830,28,25-35,Male," £136,418.00 ",17,5,17,Home & Garden, £765.53 
831,43,35-45,Female," £76,811.00 ",26,1,33,Home & Garden, £836.50 
832,69,65+,Other," £81,964.00 ",22,1,3,Home & Garden, £839.20 
833,43,35-45,Female," £85,487.00 ",71,7,49,Sports, £625.26 
834,38,35-45,Male," £101,111.00 ",98,8,35,Clothing, £738.01 
835,41,35-45,Female," £68,147.00 ",75,2,33,Groceries, £553.35 
836,30,25-35,Other," £42,089.00 ",29,3,3,Home & Garden, £536.52 
837,69,65+,Female," £106,629.00 ",4,7,9,Groceries, £443.22 
838,57,55-65,Male," £98,928.00 ",80,3,33,Electronics, £934.98 
839,43,35-45,Male," £90,687.00 ",9,5,24,Sports, £531.25 
840,58,55-65,Female," £68,764.00 ",96,6,31,Groceries, £723.66 
841,40,35-45,Male," £125,996.00 ",64,6,15,Clothing, £583.95 
842,33,25-35,Female," £96,916.00 ",23,6,12,Sports, £373.49 
843,50,46-55,Other," £149,578.00 ",28,2,39,Home & Garden, £839.34 
844,43,35-45,Male," £140,638.00 ",62,10,18,Home & Garden, £78.52 
845,45,35-45,Female," £57,615.00 ",30,5,15,Electronics, £998.09 
846,60,55-65,Other," £61,376.00 ",97,8,9,Electronics, £793.84 
847,22,18-25,Male," £134,801.00 ",47,1,49,Groceries, £292.92 
848,60,55-65,Other," £111,784.00 ",31,1,14,Clothing, £122.12 
849,56,55-65,Female," £86,142.00 ",87,7,8,Sports, £291.96 
850,48,46-55,Female," £126,398.00 ",19,1,18,Clothing, £311.08 
851,51,46-55,Other," £59,566.00 ",25,5,22,Groceries, £847.03 
852,64,55-65,Female," £63,123.00 ",88,1,16,Groceries, £330.95 
853,22,18-25,Other," £120,644.00 ",75,1,4,Clothing, £456.11 
854,27,25-35,Female," £40,595.00 ",84,6,15,Groceries, £268.76 
855,18,Under 18,Male," £30,102.00 ",35,2,6,Sports, £739.27 
856,45,35-45,Other," £135,627.00 ",67,2,46,Groceries, £524.16 
857,19,18-25,Female," £90,561.00 ",75,10,23,Home & Garden, £866.23 
858,67,65+,Male," £115,470.00 ",56,4,6,Clothing, £151.74 
859,22,18-25,Male," £62,752.00 ",2,10,22,Electronics, £469.36 
860,22,18-25,Male," £46,866.00 ",3,7,46,Electronics, £737.44 
861,21,18-25,Other," £145,884.00 ",3,4,25,Home & Garden, £676.93 
862,20,18-25,Male," £79,899.00 ",64,7,46,Clothing, £129.90 
863,42,35-45,Other," £77,292.00 ",73,10,43,Groceries, £787.66 
864,41,35-45,Male," £92,371.00 ",28,10,48,Electronics, £594.96 
865,57,55-65,Other," £106,632.00 ",26,1,17,Groceries, £610.98 
866,22,18-25,Male," £48,068.00 ",57,2,24,Electronics, £683.02 
867,68,65+,Other," £35,122.00 ",72,6,33,Sports, £983.84 
868,51,46-55,Other," £83,467.00 ",83,1,19,Clothing, £30.88 
869,49,46-55,Female," £61,376.00 ",47,5,16,Home & Garden, £241.25 
870,57,55-65,Other," £112,212.00 ",6,6,44,Home & Garden, £312.64 
871,57,55-65,Female," £128,481.00 ",86,10,40,Home & Garden, £727.15 
872,63,55-65,Male," £33,546.00 ",18,9,31,Sports, £191.80 
873,42,35-45,Female," £127,546.00 ",54,1,31,Clothing, £484.72 
874,35,25-35,Male," £121,037.00 ",70,1,28,Groceries, £304.08 
875,25,18-25,Female," £76,606.00 ",99,10,32,Home & Garden, £472.40 
876,60,55-65,Other," £120,195.00 ",68,9,26,Sports, £600.21 
877,51,46-55,Female," £127,950.00 ",27,3,45,Home & Garden, £412.76 
878,45,35-45,Female," £51,646.00 ",61,5,41,Home & Garden, £246.41 
879,51,46-55,Male," £80,995.00 ",68,1,18,Sports, £863.54 
880,59,55-65,Other," £97,355.00 ",63,2,22,Groceries, £329.18 
881,47,46-55,Female," £133,264.00 ",93,2,21,Groceries, £11.01 
882,61,55-65,Male," £49,557.00 ",22,6,12,Clothing, £678.13 
883,62,55-65,Other," £97,909.00 ",100,1,5,Home & Garden, £439.63 
884,50,46-55,Female," £59,695.00 ",70,5,6,Clothing, £241.99 
885,58,55-65,Other," £149,723.00 ",70,9,23,Electronics, £374.59 
886,26,25-35,Other," £113,532.00 ",70,7,28,Sports, £679.69 
887,60,55-65,Male," £98,882.00 ",38,2,28,Groceries, £940.14 
888,29,25-35,Male," £149,973.00 ",2,2,19,Groceries, £437.10 
889,33,25-35,Other," £146,269.00 ",92,6,10,Sports, £486.86 
890,60,55-65,Other," £73,059.00 ",77,3,31,Clothing, £581.15 
891,22,18-25,Other," £87,909.00 ",19,7,39,Sports, £20.52 
892,66,65+,Other," £40,932.00 ",5,1,48,Sports, £546.06 
893,24,18-25,Female," £60,763.00 ",92,5,29,Home & Garden, £320.70 
894,63,55-65,Other," £119,492.00 ",25,8,40,Sports, £758.10 
895,27,25-35,Male," £128,640.00 ",3,5,2,Home & Garden, £140.52 
896,53,46-55,Male," £137,307.00 ",34,1,26,Sports, £952.12 
897,32,25-35,Male," £81,701.00 ",96,9,49,Electronics, £77.45 
898,64,55-65,Other," £82,140.00 ",57,3,7,Home & Garden, £97.97 
899,48,46-55,Male," £134,463.00 ",32,2,7,Electronics, £535.10 
900,52,46-55,Female," £41,544.00 ",1,10,46,Home & Garden, £720.52 
901,57,55-65,Female," £135,440.00 ",46,8,3,Home & Garden, £442.46 
902,55,46-55,Female," £72,193.00 ",39,2,6,Home & Garden, £207.44 
903,33,25-35,Other," £106,771.00 ",23,7,3,Sports, £609.80 
904,64,55-65,Female," £122,557.00 ",87,2,5,Groceries, £344.59 
905,64,55-65,Male," £139,658.00 ",77,6,26,Sports, £71.97 
906,25,18-25,Male," £130,604.00 ",100,4,41,Electronics, £355.45 
907,62,55-65,Other," £113,706.00 ",19,1,13,Home & Garden, £427.68 
908,59,55-65,Other," £141,567.00 ",27,8,30,Sports, £95.96 
909,27,25-35,Female," £89,618.00 ",49,8,12,Groceries, £831.05 
910,55,46-55,Other," £45,562.00 ",68,3,30,Groceries, £628.34 
911,66,65+,Female," £55,154.00 ",93,3,19,Electronics, £684.88 
912,54,46-55,Male," £69,676.00 ",9,7,30,Clothing, £932.68 
913,38,35-45,Male," £45,551.00 ",100,10,22,Electronics, £99.63 
914,55,46-55,Male," £109,314.00 ",72,10,47,Electronics, £438.97 
915,18,Under 18,Other," £69,502.00 ",83,6,32,Sports, £236.83 
916,26,25-35,Male," £131,020.00 ",23,7,22,Groceries, £844.88 
917,49,46-55,Other," £30,523.00 ",83,4,38,Electronics, £564.48 
918,36,35-45,Female," £45,458.00 ",74,6,19,Groceries, £135.23 
919,28,25-35,Other," £57,107.00 ",82,5,2,Home & Garden, £271.17 
920,60,55-65,Other," £44,555.00 ",84,7,28,Electronics, £678.42 
921,66,65+,Male," £122,436.00 ",73,7,47,Home & Garden, £666.62 
922,58,55-65,Male," £105,157.00 ",51,3,27,Clothing, £344.39 
923,68,65+,Male," £107,702.00 ",73,4,2,Sports, £136.03 
924,20,18-25,Male," £88,778.00 ",56,2,28,Groceries, £240.93 
925,53,46-55,Other," £32,539.00 ",22,6,42,Home & Garden, £536.06 
926,39,35-45,Female," £53,091.00 ",41,9,3,Groceries, £12.45 
927,46,46-55,Other," £46,368.00 ",11,7,17,Home & Garden, £869.05 
928,28,25-35,Male," £134,592.00 ",43,10,25,Clothing, £557.04 
929,35,25-35,Male," £48,768.00 ",43,2,5,Electronics, £746.74 
930,42,35-45,Other," £128,064.00 ",8,8,44,Groceries, £316.50 
931,59,55-65,Male," £48,329.00 ",6,8,26,Home & Garden, £36.76 
932,31,25-35,Other," £30,969.00 ",32,9,11,Sports, £562.47 
933,18,Under 18,Male," £117,893.00 ",84,3,24,Electronics, £413.27 
934,47,46-55,Male," £138,152.00 ",53,2,38,Groceries, £129.08 
935,48,46-55,Other," £129,592.00 ",2,3,26,Clothing, £748.46 
936,51,46-55,Male," £148,784.00 ",17,1,50,Home & Garden, £302.81 
937,43,35-45,Female," £42,201.00 ",76,1,50,Home & Garden, £106.48 
938,64,55-65,Other," £65,498.00 ",23,5,24,Clothing, £351.94 
939,37,35-45,Male," £70,213.00 ",84,3,37,Home & Garden, £785.53 
940,56,55-65,Female," £51,736.00 ",3,9,25,Home & Garden, £666.01 
941,54,46-55,Male," £33,706.00 ",64,9,1,Clothing, £371.93 
942,36,35-45,Male," £33,087.00 ",69,7,21,Sports, £651.80 
943,54,46-55,Female," £140,081.00 ",100,1,25,Electronics, £30.51 
944,47,46-55,Other," £37,014.00 ",76,5,34,Electronics, £880.18 
945,65,55-65,Male," £42,779.00 ",81,5,38,Clothing, £594.92 
946,59,55-65,Male," £149,936.00 ",80,7,37,Groceries, £406.60 
947,60,55-65,Other," £111,493.00 ",40,10,8,Groceries, £190.34 
948,21,18-25,Other," £117,520.00 ",34,3,32,Sports, £256.98 
949,62,55-65,Other," £128,667.00 ",37,5,17,Sports, £150.62 
950,45,35-45,Other," £114,390.00 ",38,3,9,Groceries, £663.25 
951,41,35-45,Other," £134,487.00 ",7,10,50,Electronics, £556.10 
952,29,25-35,Female," £45,164.00 ",54,8,45,Groceries, £915.62 
953,51,46-55,Male," £104,830.00 ",43,9,36,Sports, £593.92 
954,44,35-45,Male," £123,822.00 ",20,4,8,Electronics, £209.75 
955,30,25-35,Male," £50,661.00 ",89,9,22,Sports, £630.37 
956,60,55-65,Other," £48,802.00 ",68,1,40,Groceries, £296.76 
957,60,55-65,Female," £56,429.00 ",69,9,32,Groceries, £894.95 
958,26,25-35,Female," £41,126.00 ",37,9,44,Clothing, £100.64 
959,38,35-45,Female," £99,054.00 ",59,6,4,Groceries, £174.22 
960,61,55-65,Female," £50,349.00 ",76,9,42,Clothing, £957.50 
961,23,18-25,Female," £60,808.00 ",96,2,12,Home & Garden, £231.03 
962,60,55-65,Male," £98,537.00 ",71,9,45,Groceries, £725.67 
963,66,65+,Female," £72,885.00 ",1,9,33,Groceries, £654.48 
964,26,25-35,Other," £109,221.00 ",91,2,44,Sports, £660.05 
965,49,46-55,Other," £94,218.00 ",4,10,5,Electronics, £287.36 
966,58,55-65,Other," £133,888.00 ",92,10,14,Home & Garden, £628.30 
967,46,46-55,Female," £67,361.00 ",80,6,25,Sports, £350.08 
968,23,18-25,Female," £74,773.00 ",16,2,42,Groceries, £626.05 
969,61,55-65,Other," £38,209.00 ",79,8,40,Sports, £724.23 
970,68,65+,Female," £40,471.00 ",28,3,33,Groceries, £40.89 
971,58,55-65,Female," £51,913.00 ",14,4,21,Home & Garden, £733.63 
972,41,35-45,Male," £120,294.00 ",79,5,44,Clothing, £942.03 
973,43,35-45,Male," £130,645.00 ",34,10,5,Groceries, £833.69 
974,48,46-55,Other," £75,118.00 ",84,6,41,Electronics, £711.37 
975,49,46-55,Female," £79,546.00 ",26,5,12,Home & Garden, £935.73 
976,30,25-35,Male," £54,930.00 ",12,9,13,Electronics, £724.88 
977,37,35-45,Male," £100,314.00 ",71,5,19,Groceries, £692.74 
978,45,35-45,Female," £91,381.00 ",48,8,16,Sports, £253.13 
979,66,65+,Female," £74,055.00 ",100,6,17,Sports, £318.70 
980,45,35-45,Female," £135,047.00 ",11,9,42,Clothing, £422.93 
981,30,25-35,Male," £117,373.00 ",32,1,49,Home & Garden, £129.35 
982,59,55-65,Other," £87,884.00 ",79,9,28,Groceries, £491.55 
983,68,65+,Female," £117,203.00 ",76,7,38,Electronics, £363.94 
984,51,46-55,Other," £91,682.00 ",27,9,49,Electronics, £990.87 
985,35,25-35,Other," £82,057.00 ",66,4,9,Sports, £683.93 
986,66,65+,Other," £78,149.00 ",2,10,9,Home & Garden, £579.27 
987,22,18-25,Male," £80,049.00 ",1,10,47,Sports, £16.97 
988,26,25-35,Male," £148,451.00 ",78,5,14,Groceries, £99.19 
989,26,25-35,Male," £45,147.00 ",93,1,32,Home & Garden, £750.58 
990,31,25-35,Other," £45,695.00 ",36,2,31,Electronics, £864.67 
991,21,18-25,Other," £80,264.00 ",41,4,26,Sports, £458.93 
992,53,46-55,Other," £83,578.00 ",97,5,50,Sports, £917.08 
993,22,18-25,Female," £125,479.00 ",57,8,27,Home & Garden, £139.75 
994,29,25-35,Female," £64,799.00 ",42,5,19,Electronics, £967.26 
995,60,55-65,Male," £71,923.00 ",25,2,40,Clothing, £986.97 
996,57,55-65,Male," £112,170.00 ",57,6,1,Clothing, £313.64 
997,23,18-25,Other," £65,337.00 ",76,10,23,Groceries, £632.83 
998,23,18-25,Male," £113,097.00 ",40,5,42,Sports, £75.09 
999,22,18-25,Female," £113,695.00 ",63,7,44,Electronics, £505.16 
1000,36,35-45,Female," £90,420.00 ",7,2,31,Groceries, £669.26 
